m,arrangement,kind,animal,p_sub,seq
0,front,front,cat,0.005586,"500, 500, 500, 500, 500, 500, 500, 500, 500, 500"
0,front,front,elephant,0.152162,"500, 500, 500, 500, 500, 500, 500, 500, 500, 500"
1,front,front,cat,0.002187,"23, 500, 500, 500, 500, 500, 500, 500, 500, 500"
1,front,front,elephant,0.129138,"23, 500, 500, 500, 500, 500, 500, 500, 500, 500"
1,rand0,random,cat,0.000912,"500, 500, 500, 500, 500, 500, 23, 500, 500, 500"
1,rand0,random,elephant,0.113964,"500, 500, 500, 500, 500, 500, 23, 500, 500, 500"
1,rand1,random,cat,0.002187,"23, 500, 500, 500, 500, 500, 500, 500, 500, 500"
1,rand1,random,elephant,0.129138,"23, 500, 500, 500, 500, 500, 500, 500, 500, 500"
1,rand2,random,cat,0.001208,"500, 500, 500, 500, 23, 500, 500, 500, 500, 500"
1,rand2,random,elephant,0.137467,"500, 500, 500, 500, 23, 500, 500, 500, 500, 500"
1,rand3,random,cat,0.000756,"500, 500, 500, 500, 500, 500, 500, 500, 23, 500"
1,rand3,random,elephant,0.093014,"500, 500, 500, 500, 500, 500, 500, 500, 23, 500"
1,rand4,random,cat,0.001135,"500, 500, 500, 500, 500, 500, 500, 23, 500, 500"
1,rand4,random,elephant,0.115758,"500, 500, 500, 500, 500, 500, 500, 23, 500, 500"
1,rand5,random,cat,0.001327,"500, 500, 500, 500, 500, 23, 500, 500, 500, 500"
1,rand5,random,elephant,0.125165,"500, 500, 500, 500, 500, 23, 500, 500, 500, 500"
1,rand6,random,cat,0.000647,"500, 500, 500, 500, 500, 500, 500, 500, 500, 23"
1,rand6,random,elephant,0.117581,"500, 500, 500, 500, 500, 500, 500, 500, 500, 23"
1,rand7,random,cat,0.000315,"500, 500, 500, 23, 500, 500, 500, 500, 500, 500"
1,rand7,random,elephant,0.145194,"500, 500, 500, 23, 500, 500, 500, 500, 500, 500"
1,rand8,random,cat,0.000520,"500, 500, 23, 500, 500, 500, 500, 500, 500, 500"
1,rand8,random,elephant,0.103765,"500, 500, 23, 500, 500, 500, 500, 500, 500, 500"
1,rand9,random,cat,0.002479,"500, 23, 500, 500, 500, 500, 500, 500, 500, 500"
1,rand9,random,elephant,0.077112,"500, 23, 500, 500, 500, 500, 500, 500, 500, 500"
2,front,front,cat,0.007635,"23, 23, 500, 500, 500, 500, 500, 500, 500, 500"
2,front,front,elephant,0.145194,"23, 23, 500, 500, 500, 500, 500, 500, 500, 500"
2,rand0,random,cat,0.001327,"500, 23, 500, 500, 500, 23, 500, 500, 500, 500"
2,rand0,random,elephant,0.119433,"500, 23, 500, 500, 500, 23, 500, 500, 500, 500"
2,rand1,random,cat,0.002722,"23, 500, 500, 500, 500, 23, 500, 500, 500, 500"
2,rand1,random,elephant,0.108745,"23, 500, 500, 500, 500, 23, 500, 500, 500, 500"
2,rand2,random,cat,0.000830,"500, 500, 23, 500, 500, 23, 500, 500, 500, 500"
2,rand2,random,elephant,0.113964,"500, 500, 23, 500, 500, 23, 500, 500, 500, 500"
2,rand3,random,cat,0.002257,"23, 500, 500, 23, 500, 500, 500, 500, 500, 500"
2,rand3,random,elephant,0.088755,"23, 500, 500, 23, 500, 500, 500, 500, 500, 500"
2,rand4,random,cat,0.000971,"500, 500, 23, 500, 500, 500, 500, 500, 500, 23"
2,rand4,random,elephant,0.154558,"500, 500, 23, 500, 500, 500, 500, 500, 500, 23"
2,rand5,random,cat,0.001704,"500, 23, 500, 23, 500, 500, 500, 500, 500, 500"
2,rand5,random,elephant,0.142943,"500, 23, 500, 23, 500, 500, 500, 500, 500, 500"
2,rand6,random,cat,0.001551,"23, 500, 500, 500, 23, 500, 500, 500, 500, 500"
2,rand6,random,elephant,0.113964,"23, 500, 500, 500, 23, 500, 500, 500, 500, 500"
2,rand7,random,cat,0.001002,"500, 500, 500, 23, 500, 500, 500, 500, 500, 23"
2,rand7,random,elephant,0.189368,"500, 500, 500, 23, 500, 500, 500, 500, 500, 23"
2,rand8,random,cat,0.001369,"500, 23, 500, 500, 500, 500, 500, 23, 500, 500"
2,rand8,random,elephant,0.108745,"500, 23, 500, 500, 500, 500, 500, 23, 500, 500"
2,rand9,random,cat,0.001412,"500, 500, 500, 500, 500, 23, 500, 23, 500, 500"
2,rand9,random,elephant,0.112197,"500, 500, 500, 500, 500, 23, 500, 23, 500, 500"
2,rand10,random,cat,0.000488,"500, 500, 23, 500, 23, 500, 500, 500, 500, 500"
2,rand10,random,elephant,0.103765,"500, 500, 23, 500, 23, 500, 500, 500, 500, 500"
2,rand11,random,cat,0.002187,"500, 500, 500, 500, 500, 23, 500, 500, 500, 23"
2,rand11,random,elephant,0.146332,"500, 500, 500, 500, 500, 23, 500, 500, 500, 23"
2,rand12,random,cat,0.001871,"500, 500, 500, 500, 23, 500, 500, 23, 500, 500"
2,rand12,random,elephant,0.097478,"500, 500, 500, 500, 23, 500, 500, 23, 500, 500"
2,rand13,random,cat,0.002120,"500, 500, 500, 500, 23, 500, 500, 500, 23, 500"
2,rand13,random,elephant,0.121314,"500, 500, 500, 500, 23, 500, 500, 500, 23, 500"
2,rand14,random,cat,0.001551,"500, 23, 500, 500, 500, 500, 500, 500, 500, 23"
2,rand14,random,elephant,0.182114,"500, 23, 500, 500, 500, 500, 500, 500, 500, 23"
2,rand15,random,cat,0.001100,"500, 23, 500, 500, 500, 500, 500, 500, 23, 500"
2,rand15,random,elephant,0.164526,"500, 23, 500, 500, 500, 500, 500, 500, 23, 500"
2,rand16,random,cat,0.001871,"500, 500, 500, 500, 23, 500, 500, 500, 500, 23"
2,rand16,random,elephant,0.133237,"500, 500, 500, 500, 23, 500, 500, 500, 500, 23"
2,rand17,random,cat,0.001208,"500, 500, 23, 500, 500, 500, 23, 500, 500, 500"
2,rand17,random,elephant,0.125165,"500, 500, 23, 500, 500, 500, 23, 500, 500, 500"
2,rand18,random,cat,0.000405,"500, 500, 500, 23, 500, 23, 500, 500, 500, 500"
2,rand18,random,elephant,0.145194,"500, 500, 500, 23, 500, 23, 500, 500, 500, 500"
2,rand19,random,cat,0.000627,"500, 500, 500, 23, 500, 500, 500, 500, 23, 500"
2,rand19,random,elephant,0.160715,"500, 500, 500, 23, 500, 500, 500, 500, 23, 500"
2,rand20,random,cat,0.000627,"500, 500, 23, 23, 500, 500, 500, 500, 500, 500"
2,rand20,random,elephant,0.184981,"500, 500, 23, 23, 500, 500, 500, 500, 500, 500"
2,rand21,random,cat,0.001758,"500, 500, 500, 500, 23, 23, 500, 500, 500, 500"
2,rand21,random,elephant,0.201581,"500, 500, 500, 500, 23, 23, 500, 500, 500, 500"
2,rand22,random,cat,0.001930,"23, 500, 500, 500, 500, 500, 23, 500, 500, 500"
2,rand22,random,elephant,0.117581,"23, 500, 500, 500, 500, 500, 23, 500, 500, 500"
2,rand23,random,cat,0.002120,"23, 500, 23, 500, 500, 500, 500, 500, 500, 500"
2,rand23,random,elephant,0.095967,"23, 500, 23, 500, 500, 500, 500, 500, 500, 500"
2,rand24,random,cat,0.000884,"500, 23, 500, 500, 500, 500, 23, 500, 500, 500"
2,rand24,random,elephant,0.100573,"500, 23, 500, 500, 500, 500, 23, 500, 500, 500"
2,rand25,random,cat,0.000444,"500, 23, 23, 500, 500, 500, 500, 500, 500, 500"
2,rand25,random,elephant,0.125165,"500, 23, 23, 500, 500, 500, 500, 500, 500, 500"
2,rand26,random,cat,0.001208,"500, 500, 500, 500, 23, 500, 23, 500, 500, 500"
2,rand26,random,elephant,0.100573,"500, 500, 500, 500, 23, 500, 23, 500, 500, 500"
2,rand27,random,cat,0.001246,"500, 500, 500, 500, 500, 500, 23, 500, 23, 500"
2,rand27,random,elephant,0.136397,"500, 500, 500, 500, 500, 500, 23, 500, 23, 500"
2,rand28,random,cat,0.001286,"23, 500, 500, 500, 500, 500, 500, 500, 23, 500"
2,rand28,random,elephant,0.095967,"23, 500, 500, 500, 500, 500, 500, 500, 23, 500"
2,rand29,random,cat,0.001412,"500, 500, 500, 500, 500, 500, 23, 500, 500, 23"
2,rand29,random,elephant,0.129138,"500, 500, 500, 500, 500, 500, 23, 500, 500, 23"
3,front,front,cat,0.005946,"23, 23, 23, 500, 500, 500, 500, 500, 500, 500"
3,front,front,elephant,0.209611,"23, 23, 23, 500, 500, 500, 500, 500, 500, 500"
3,rand0,random,cat,0.003183,"23, 500, 500, 500, 500, 23, 23, 500, 500, 500"
3,rand0,random,elephant,0.121314,"23, 500, 500, 500, 500, 23, 23, 500, 500, 500"
3,rand1,random,cat,0.000571,"500, 500, 500, 23, 500, 23, 500, 23, 500, 500"
3,rand1,random,elephant,0.141830,"500, 500, 500, 23, 500, 23, 500, 23, 500, 500"
3,rand2,random,cat,0.001930,"500, 23, 500, 500, 23, 500, 500, 23, 500, 500"
3,rand2,random,elephant,0.110457,"500, 23, 500, 500, 23, 500, 500, 23, 500, 500"
3,rand3,random,cat,0.000627,"500, 23, 23, 500, 23, 500, 500, 500, 500, 500"
3,rand3,random,elephant,0.235672,"500, 23, 23, 500, 23, 500, 500, 500, 500, 500"
3,rand4,random,cat,0.000504,"500, 23, 23, 500, 500, 500, 500, 500, 23, 500"
3,rand4,random,elephant,0.219671,"500, 23, 23, 500, 500, 500, 500, 500, 23, 500"
3,rand5,random,cat,0.001327,"500, 500, 23, 500, 500, 500, 23, 23, 500, 500"
3,rand5,random,elephant,0.152162,"500, 500, 23, 500, 500, 500, 23, 23, 500, 500"
3,rand6,random,cat,0.001457,"500, 500, 23, 500, 500, 500, 23, 500, 500, 23"
3,rand6,random,elephant,0.150977,"500, 500, 23, 500, 500, 500, 23, 500, 500, 23"
3,rand7,random,cat,0.001286,"500, 500, 23, 500, 500, 23, 500, 500, 23, 500"
3,rand7,random,elephant,0.123224,"500, 500, 23, 500, 500, 23, 500, 500, 23, 500"
3,rand8,random,cat,0.001066,"500, 23, 500, 500, 500, 500, 500, 23, 500, 23"
3,rand8,random,elephant,0.131171,"500, 23, 500, 500, 500, 500, 500, 23, 500, 23"
3,rand9,random,cat,0.002557,"23, 500, 500, 23, 23, 500, 500, 500, 500, 500"
3,rand9,random,elephant,0.121314,"23, 500, 500, 23, 23, 500, 500, 500, 500, 500"
3,rand10,random,cat,0.001412,"23, 500, 500, 500, 500, 500, 500, 23, 500, 23"
3,rand10,random,elephant,0.105399,"23, 500, 500, 500, 500, 500, 500, 23, 500, 23"
3,rand11,random,cat,0.000756,"500, 23, 500, 23, 23, 500, 500, 500, 500, 500"
3,rand11,random,elephant,0.165816,"500, 23, 500, 23, 23, 500, 500, 500, 500, 500"
3,rand12,random,cat,0.000971,"500, 500, 23, 500, 23, 500, 500, 500, 23, 500"
3,rand12,random,elephant,0.133237,"500, 500, 23, 500, 23, 500, 500, 500, 23, 500"
3,rand13,random,cat,0.001246,"500, 23, 500, 500, 500, 500, 23, 23, 500, 500"
3,rand13,random,elephant,0.195379,"500, 23, 500, 500, 500, 500, 23, 23, 500, 500"
3,rand14,random,cat,0.000805,"500, 500, 500, 23, 500, 500, 23, 23, 500, 500"
3,rand14,random,elephant,0.125165,"500, 500, 500, 23, 500, 500, 23, 23, 500, 500"
3,rand15,random,cat,0.003839,"23, 23, 500, 500, 23, 500, 500, 500, 500, 500"
3,rand15,random,elephant,0.198456,"23, 23, 500, 500, 23, 500, 500, 500, 500, 500"
3,rand16,random,cat,0.002402,"23, 500, 500, 500, 23, 500, 500, 500, 23, 500"
3,rand16,random,elephant,0.102156,"23, 500, 500, 500, 23, 500, 500, 500, 23, 500"
3,rand17,random,cat,0.002257,"500, 500, 500, 500, 23, 500, 23, 500, 23, 500"
3,rand17,random,elephant,0.129138,"500, 500, 500, 500, 23, 500, 23, 500, 23, 500"
3,rand18,random,cat,0.000667,"500, 500, 500, 23, 23, 23, 500, 500, 500, 500"
3,rand18,random,elephant,0.345591,"500, 500, 500, 23, 23, 23, 500, 500, 500, 500"
3,rand19,random,cat,0.012588,"23, 23, 500, 500, 500, 500, 500, 500, 500, 23"
3,rand19,random,elephant,0.221394,"23, 23, 500, 500, 500, 500, 500, 500, 500, 23"
3,rand20,random,cat,0.001369,"500, 23, 500, 500, 23, 500, 500, 500, 23, 500"
3,rand20,random,elephant,0.129138,"500, 23, 500, 500, 23, 500, 500, 500, 23, 500"
3,rand21,random,cat,0.001457,"500, 23, 500, 500, 500, 23, 500, 500, 23, 500"
3,rand21,random,elephant,0.107059,"500, 23, 500, 500, 500, 23, 500, 500, 23, 500"
3,rand22,random,cat,0.001033,"500, 500, 23, 23, 500, 500, 500, 500, 23, 500"
3,rand22,random,elephant,0.182114,"500, 500, 23, 23, 500, 500, 500, 500, 23, 500"
3,rand23,random,cat,0.000857,"500, 23, 500, 500, 23, 500, 23, 500, 500, 500"
3,rand23,random,elephant,0.099013,"500, 23, 500, 500, 23, 500, 23, 500, 500, 500"
3,rand24,random,cat,0.001033,"500, 500, 500, 23, 500, 500, 500, 500, 23, 23"
3,rand24,random,elephant,0.184981,"500, 500, 500, 23, 500, 500, 500, 500, 23, 23"
3,rand25,random,cat,0.000971,"500, 23, 500, 500, 500, 500, 23, 500, 23, 500"
3,rand25,random,elephant,0.125165,"500, 23, 500, 500, 500, 500, 23, 500, 23, 500"
3,rand26,random,cat,0.001246,"500, 500, 500, 500, 23, 23, 500, 23, 500, 500"
3,rand26,random,elephant,0.164526,"500, 500, 500, 500, 23, 23, 500, 23, 500, 500"
3,rand27,random,cat,0.001208,"500, 500, 23, 500, 500, 500, 500, 500, 23, 23"
3,rand27,random,elephant,0.168427,"500, 500, 23, 500, 500, 500, 500, 500, 23, 23"
3,rand28,random,cat,0.001503,"500, 23, 500, 500, 500, 500, 23, 500, 500, 23"
3,rand28,random,elephant,0.129138,"500, 23, 500, 500, 500, 500, 23, 500, 500, 23"
3,rand29,random,cat,0.001600,"500, 500, 500, 500, 23, 23, 500, 500, 23, 500"
3,rand29,random,elephant,0.182114,"500, 500, 500, 500, 23, 23, 500, 500, 23, 500"
4,front,front,cat,0.016163,"23, 23, 23, 23, 500, 500, 500, 500, 500, 500"
4,front,front,elephant,0.219671,"23, 23, 23, 23, 500, 500, 500, 500, 500, 500"
4,rand0,random,cat,0.001758,"500, 500, 500, 23, 500, 500, 23, 23, 500, 23"
4,rand0,random,elephant,0.131171,"500, 500, 500, 23, 500, 500, 23, 23, 500, 23"
4,rand1,random,cat,0.000971,"500, 500, 500, 23, 500, 23, 500, 23, 23, 500"
4,rand1,random,elephant,0.119433,"500, 500, 500, 23, 500, 23, 500, 23, 23, 500"
4,rand2,random,cat,0.011462,"23, 23, 500, 500, 23, 500, 500, 23, 500, 500"
4,rand2,random,elephant,0.147480,"23, 23, 500, 500, 23, 500, 500, 23, 500, 500"
4,rand3,random,cat,0.002257,"23, 500, 500, 23, 500, 500, 500, 23, 23, 500"
4,rand3,random,elephant,0.069122,"23, 500, 500, 23, 500, 500, 500, 23, 23, 500"
4,rand4,random,cat,0.005248,"23, 500, 500, 500, 500, 23, 23, 23, 500, 500"
4,rand4,random,elephant,0.121314,"23, 500, 500, 500, 500, 23, 23, 23, 500, 500"
4,rand5,random,cat,0.001651,"500, 23, 500, 500, 500, 23, 500, 500, 23, 23"
4,rand5,random,elephant,0.103765,"500, 23, 500, 500, 500, 23, 500, 500, 23, 23"
4,rand6,random,cat,0.004631,"23, 500, 500, 500, 500, 23, 23, 500, 23, 500"
4,rand6,random,elephant,0.086024,"23, 500, 500, 500, 500, 23, 23, 500, 23, 500"
4,rand7,random,cat,0.018316,"23, 23, 500, 500, 23, 500, 23, 500, 500, 500"
4,rand7,random,elephant,0.135335,"23, 23, 500, 500, 23, 500, 23, 500, 500, 500"
4,rand8,random,cat,0.000780,"500, 500, 23, 23, 23, 500, 23, 500, 500, 500"
4,rand8,random,elephant,0.171080,"500, 500, 23, 23, 23, 500, 23, 500, 500, 500"
4,rand9,random,cat,0.007173,"23, 500, 500, 23, 23, 500, 500, 500, 500, 23"
4,rand9,random,elephant,0.117581,"23, 500, 500, 23, 23, 500, 500, 500, 500, 23"
4,rand10,random,cat,0.001171,"500, 500, 500, 23, 500, 23, 23, 23, 500, 500"
4,rand10,random,elephant,0.196912,"500, 500, 500, 23, 500, 23, 23, 23, 500, 500"
4,rand11,random,cat,0.001327,"500, 500, 23, 500, 500, 23, 23, 500, 23, 500"
4,rand11,random,elephant,0.160715,"500, 500, 23, 500, 500, 23, 23, 500, 23, 500"
4,rand12,random,cat,0.002055,"500, 500, 23, 500, 500, 23, 23, 23, 500, 500"
4,rand12,random,elephant,0.173774,"500, 500, 23, 500, 500, 23, 23, 23, 500, 500"
4,rand13,random,cat,0.001758,"500, 23, 23, 500, 500, 23, 500, 500, 23, 500"
4,rand13,random,elephant,0.179290,"500, 23, 23, 500, 500, 23, 500, 500, 23, 500"
4,rand14,random,cat,0.000912,"500, 500, 23, 23, 500, 500, 500, 23, 23, 500"
4,rand14,random,elephant,0.195379,"500, 500, 23, 23, 500, 500, 500, 23, 23, 500"
4,rand15,random,cat,0.001651,"500, 23, 500, 23, 500, 500, 500, 23, 500, 23"
4,rand15,random,elephant,0.108745,"500, 23, 500, 23, 500, 500, 500, 23, 500, 23"
4,rand16,random,cat,0.003607,"23, 500, 500, 500, 500, 500, 23, 500, 23, 23"
4,rand16,random,elephant,0.077112,"23, 500, 500, 500, 500, 500, 23, 500, 23, 23"
4,rand17,random,cat,0.001327,"500, 23, 23, 23, 500, 500, 500, 23, 500, 500"
4,rand17,random,elephant,0.271257,"500, 23, 23, 23, 500, 500, 500, 23, 500, 500"
4,rand18,random,cat,0.003721,"23, 500, 23, 23, 23, 500, 500, 500, 500, 500"
4,rand18,random,elephant,0.140726,"23, 500, 23, 23, 23, 500, 500, 500, 500, 500"
4,rand19,random,cat,0.001551,"500, 23, 500, 500, 23, 500, 23, 500, 500, 23"
4,rand19,random,elephant,0.100573,"500, 23, 500, 500, 23, 500, 23, 500, 500, 23"
4,rand20,random,cat,0.001930,"500, 500, 500, 500, 23, 500, 23, 500, 23, 23"
4,rand20,random,elephant,0.093014,"500, 500, 500, 500, 23, 500, 23, 500, 23, 23"
4,rand21,random,cat,0.001992,"500, 500, 500, 500, 23, 23, 500, 23, 500, 23"
4,rand21,random,elephant,0.149803,"500, 500, 500, 500, 23, 23, 500, 23, 500, 23"
4,rand22,random,cat,0.000941,"500, 500, 23, 23, 500, 23, 500, 23, 500, 500"
4,rand22,random,elephant,0.169748,"500, 500, 23, 23, 500, 23, 500, 23, 500, 500"
4,rand23,random,cat,0.018897,"23, 23, 500, 500, 500, 500, 500, 500, 23, 23"
4,rand23,random,elephant,0.201581,"23, 23, 500, 500, 500, 500, 500, 500, 23, 23"
4,rand24,random,cat,0.005946,"23, 500, 500, 500, 23, 23, 500, 500, 500, 23"
4,rand24,random,elephant,0.125165,"23, 500, 500, 500, 23, 23, 500, 500, 500, 23"
4,rand25,random,cat,0.015184,"23, 23, 23, 500, 500, 500, 23, 500, 500, 500"
4,rand25,random,elephant,0.223130,"23, 23, 23, 500, 500, 500, 23, 500, 500, 500"
4,rand26,random,cat,0.001871,"500, 500, 500, 23, 23, 500, 23, 500, 500, 23"
4,rand26,random,elephant,0.206362,"500, 500, 500, 23, 23, 500, 23, 500, 500, 23"
4,rand27,random,cat,0.000756,"500, 500, 23, 23, 500, 500, 500, 23, 500, 23"
4,rand27,random,elephant,0.133237,"500, 500, 23, 23, 500, 500, 500, 23, 500, 23"
4,rand28,random,cat,0.001813,"500, 23, 500, 500, 500, 500, 23, 500, 23, 23"
4,rand28,random,elephant,0.093014,"500, 23, 500, 500, 500, 500, 23, 500, 23, 23"
4,rand29,random,cat,0.000912,"500, 500, 23, 500, 500, 23, 500, 23, 500, 23"
4,rand29,random,elephant,0.088755,"500, 500, 23, 500, 500, 23, 500, 23, 500, 23"
5,front,front,cat,0.020116,"23, 23, 23, 23, 23, 500, 500, 500, 500, 500"
5,front,front,elephant,0.228422,"23, 23, 23, 23, 23, 500, 500, 500, 500, 500"
5,rand0,random,cat,0.026236,"23, 23, 23, 500, 23, 500, 500, 500, 23, 500"
5,rand0,random,elephant,0.207980,"23, 23, 23, 500, 23, 500, 500, 500, 23, 500"
5,rand1,random,cat,0.010436,"500, 23, 500, 23, 500, 23, 23, 500, 500, 23"
5,rand1,random,elephant,0.119433,"500, 23, 500, 23, 500, 23, 23, 500, 500, 23"
5,rand2,random,cat,0.002722,"500, 500, 500, 23, 23, 500, 500, 23, 23, 23"
5,rand2,random,elephant,0.230213,"500, 500, 500, 23, 23, 500, 500, 23, 23, 23"
5,rand3,random,cat,0.002120,"500, 500, 500, 500, 23, 23, 23, 23, 23, 500"
5,rand3,random,elephant,0.260866,"500, 500, 500, 500, 23, 23, 23, 23, 23, 500"
5,rand4,random,cat,0.005763,"23, 500, 500, 23, 23, 500, 500, 23, 23, 500"
5,rand4,random,elephant,0.102156,"23, 500, 500, 23, 23, 500, 500, 23, 23, 500"
5,rand5,random,cat,0.002557,"23, 500, 500, 23, 500, 23, 500, 23, 23, 500"
5,rand5,random,elephant,0.061961,"23, 500, 500, 23, 500, 23, 500, 23, 23, 500"
5,rand6,random,cat,0.005086,"23, 500, 500, 23, 500, 500, 23, 23, 23, 500"
5,rand6,random,elephant,0.079560,"23, 500, 500, 23, 500, 500, 23, 23, 23, 500"
5,rand7,random,cat,0.042585,"23, 23, 500, 500, 500, 500, 500, 23, 23, 23"
5,rand7,random,elephant,0.177895,"23, 23, 500, 500, 500, 500, 500, 23, 23, 23"
5,rand8,random,cat,0.001758,"500, 500, 23, 23, 23, 500, 23, 23, 500, 500"
5,rand8,random,elephant,0.177895,"500, 500, 23, 23, 23, 500, 23, 23, 500, 500"
5,rand9,random,cat,0.043937,"23, 23, 500, 500, 500, 500, 23, 500, 23, 23"
5,rand9,random,elephant,0.135335,"23, 23, 500, 500, 500, 500, 23, 500, 23, 23"
5,rand10,random,cat,0.001871,"500, 23, 23, 23, 500, 500, 500, 23, 500, 23"
5,rand10,random,elephant,0.217961,"500, 23, 23, 23, 500, 500, 500, 23, 500, 23"
5,rand11,random,cat,0.027069,"23, 500, 500, 500, 23, 23, 23, 500, 500, 23"
5,rand11,random,elephant,0.136397,"23, 500, 500, 500, 23, 23, 23, 500, 500, 23"
5,rand12,random,cat,0.002120,"500, 500, 23, 23, 23, 23, 500, 500, 23, 500"
5,rand12,random,elephant,0.167117,"500, 500, 23, 23, 23, 23, 500, 500, 23, 500"
5,rand13,random,cat,0.003388,"500, 500, 500, 500, 23, 23, 500, 23, 23, 23"
5,rand13,random,elephant,0.196912,"500, 500, 500, 500, 23, 23, 500, 23, 23, 23"
5,rand14,random,cat,0.014264,"23, 500, 500, 23, 23, 500, 23, 500, 500, 23"
5,rand14,random,elephant,0.086024,"23, 500, 500, 23, 23, 500, 23, 500, 500, 23"
5,rand15,random,cat,0.002120,"500, 23, 23, 23, 500, 23, 500, 500, 500, 23"
5,rand15,random,elephant,0.158223,"500, 23, 23, 23, 500, 23, 500, 500, 500, 23"
5,rand16,random,cat,0.003496,"500, 500, 500, 23, 23, 23, 23, 500, 500, 23"
5,rand16,random,elephant,0.277690,"500, 500, 500, 23, 23, 23, 23, 500, 500, 23"
5,rand17,random,cat,0.011462,"23, 500, 500, 500, 500, 500, 23, 23, 23, 23"
5,rand17,random,elephant,0.125165,"23, 500, 500, 500, 500, 500, 23, 23, 23, 23"
5,rand18,random,cat,0.025035,"23, 23, 500, 500, 23, 23, 23, 500, 500, 500"
5,rand18,random,elephant,0.207980,"23, 23, 500, 500, 23, 23, 23, 500, 500, 500"
5,rand19,random,cat,0.001503,"500, 500, 500, 23, 500, 23, 23, 500, 23, 23"
5,rand19,random,elephant,0.103765,"500, 500, 500, 23, 500, 23, 23, 500, 23, 23"
5,rand20,random,cat,0.008926,"500, 23, 500, 23, 23, 23, 500, 500, 23, 500"
5,rand20,random,elephant,0.168427,"500, 23, 500, 23, 23, 23, 500, 500, 23, 500"
5,rand21,random,cat,0.001002,"500, 23, 23, 500, 23, 23, 500, 500, 23, 500"
5,rand21,random,elephant,0.187894,"500, 23, 23, 500, 23, 23, 500, 500, 23, 500"
5,rand22,random,cat,0.002639,"500, 500, 23, 23, 23, 23, 500, 23, 500, 500"
5,rand22,random,elephant,0.152162,"500, 500, 23, 23, 23, 23, 500, 23, 500, 500"
5,rand23,random,cat,0.005946,"23, 500, 23, 500, 23, 500, 23, 500, 500, 23"
5,rand23,random,elephant,0.087379,"23, 500, 23, 500, 23, 500, 23, 500, 500, 23"
5,rand24,random,cat,0.020754,"23, 23, 500, 500, 500, 23, 23, 500, 500, 23"
5,rand24,random,elephant,0.211255,"23, 23, 500, 500, 500, 23, 23, 500, 500, 23"
5,rand25,random,cat,0.002257,"23, 500, 23, 500, 23, 500, 23, 500, 23, 500"
5,rand25,random,elephant,0.088755,"23, 500, 23, 500, 23, 500, 23, 500, 23, 500"
5,rand26,random,cat,0.002990,"500, 23, 23, 23, 500, 500, 23, 500, 500, 23"
5,rand26,random,elephant,0.195379,"500, 23, 23, 23, 500, 500, 23, 500, 500, 23"
5,rand27,random,cat,0.001930,"500, 500, 23, 23, 500, 23, 23, 500, 23, 500"
5,rand27,random,elephant,0.211255,"500, 500, 23, 23, 500, 23, 23, 500, 23, 500"
5,rand28,random,cat,0.013400,"23, 23, 500, 23, 500, 23, 23, 500, 500, 500"
5,rand28,random,elephant,0.150977,"23, 23, 500, 23, 500, 23, 23, 500, 500, 500"
5,rand29,random,cat,0.018897,"23, 500, 500, 23, 23, 23, 500, 500, 500, 23"
5,rand29,random,elephant,0.115758,"23, 500, 500, 23, 23, 23, 500, 500, 500, 23"
6,front,front,cat,0.024646,"23, 23, 23, 23, 23, 23, 500, 500, 500, 500"
6,front,front,elephant,0.217961,"23, 23, 23, 23, 23, 23, 500, 500, 500, 500"
6,rand0,random,cat,0.017206,"23, 500, 23, 500, 23, 500, 500, 23, 23, 23"
6,rand0,random,elephant,0.094479,"23, 500, 23, 500, 23, 500, 500, 23, 23, 23"
6,rand1,random,cat,0.004488,"500, 23, 23, 500, 23, 23, 23, 500, 23, 500"
6,rand1,random,elephant,0.177895,"500, 23, 23, 500, 23, 23, 23, 500, 23, 500"
6,rand2,random,cat,0.046771,"23, 23, 23, 500, 23, 500, 23, 23, 500, 500"
6,rand2,random,elephant,0.184981,"23, 23, 23, 500, 23, 500, 23, 23, 500, 500"
6,rand3,random,cat,0.010767,"500, 23, 500, 23, 500, 23, 23, 23, 23, 500"
6,rand3,random,elephant,0.156992,"500, 23, 500, 23, 500, 23, 23, 23, 23, 500"
6,rand4,random,cat,0.006531,"23, 500, 23, 500, 23, 23, 23, 23, 500, 500"
6,rand4,random,elephant,0.090153,"23, 500, 23, 500, 23, 23, 23, 23, 500, 500"
6,rand5,random,cat,0.049787,"23, 23, 500, 500, 500, 23, 23, 500, 23, 23"
6,rand5,random,elephant,0.154558,"23, 23, 500, 500, 500, 23, 23, 500, 23, 23"
6,rand6,random,cat,0.022794,"23, 500, 500, 500, 500, 23, 23, 23, 23, 23"
6,rand6,random,elephant,0.159464,"23, 500, 500, 500, 500, 23, 23, 23, 23, 23"
6,rand7,random,cat,0.048255,"23, 23, 23, 23, 500, 23, 500, 500, 23, 500"
6,rand7,random,elephant,0.230213,"23, 23, 23, 23, 500, 23, 500, 500, 23, 500"
6,rand8,random,cat,0.032145,"23, 23, 500, 23, 500, 23, 500, 23, 500, 23"
6,rand8,random,elephant,0.163246,"23, 23, 500, 23, 500, 23, 500, 23, 500, 23"
6,rand9,random,cat,0.003607,"500, 23, 23, 23, 500, 23, 23, 23, 500, 500"
6,rand9,random,elephant,0.183542,"500, 23, 23, 23, 500, 23, 23, 23, 500, 500"
6,rand10,random,cat,0.017752,"23, 500, 23, 23, 500, 23, 23, 23, 500, 500"
6,rand10,random,elephant,0.078326,"23, 500, 23, 23, 500, 23, 23, 23, 500, 500"
6,rand11,random,cat,0.009210,"23, 500, 500, 500, 23, 500, 23, 23, 23, 23"
6,rand11,random,elephant,0.075916,"23, 500, 500, 500, 23, 500, 23, 23, 23, 23"
6,rand12,random,cat,0.065957,"23, 23, 500, 500, 23, 500, 23, 500, 23, 23"
6,rand12,random,elephant,0.123224,"23, 23, 500, 500, 23, 500, 23, 500, 23, 23"
6,rand13,random,cat,0.080812,"23, 23, 23, 500, 500, 500, 500, 23, 23, 23"
6,rand13,random,elephant,0.232019,"23, 23, 23, 500, 500, 500, 500, 23, 23, 23"
6,rand14,random,cat,0.038173,"23, 23, 23, 23, 23, 500, 23, 500, 500, 500"
6,rand14,random,elephant,0.204756,"23, 23, 23, 23, 23, 500, 23, 500, 500, 500"
6,rand15,random,cat,0.006952,"23, 500, 23, 500, 23, 500, 23, 23, 500, 23"
6,rand15,random,elephant,0.074739,"23, 500, 23, 500, 23, 500, 23, 23, 500, 23"
6,rand16,random,cat,0.018897,"23, 500, 500, 500, 23, 23, 23, 23, 23, 500"
6,rand16,random,elephant,0.079560,"23, 500, 500, 500, 23, 23, 23, 23, 23, 500"
6,rand17,random,cat,0.002402,"500, 23, 23, 500, 500, 23, 500, 23, 23, 23"
6,rand17,random,elephant,0.169748,"500, 23, 23, 500, 500, 23, 500, 23, 23, 23"
6,rand18,random,cat,0.009502,"500, 23, 500, 23, 500, 23, 500, 23, 23, 23"
6,rand18,random,elephant,0.113964,"500, 23, 500, 23, 500, 23, 500, 23, 23, 23"
6,rand19,random,cat,0.015666,"23, 500, 23, 23, 23, 23, 500, 23, 500, 500"
6,rand19,random,elephant,0.095967,"23, 500, 23, 23, 23, 23, 500, 23, 500, 500"
6,rand20,random,cat,0.029268,"23, 500, 500, 500, 23, 23, 500, 23, 23, 23"
6,rand20,random,elephant,0.084691,"23, 500, 500, 500, 23, 23, 500, 23, 23, 23"
6,rand21,random,cat,0.019497,"23, 500, 500, 23, 23, 500, 23, 23, 23, 500"
6,rand21,random,elephant,0.082085,"23, 500, 500, 23, 23, 500, 23, 23, 23, 500"
6,rand22,random,cat,0.015184,"23, 500, 23, 500, 500, 23, 23, 23, 500, 23"
6,rand22,random,elephant,0.093014,"23, 500, 23, 500, 500, 23, 23, 23, 500, 23"
6,rand23,random,cat,0.015666,"23, 23, 500, 500, 23, 23, 500, 23, 23, 500"
6,rand23,random,elephant,0.182114,"23, 23, 500, 500, 23, 23, 500, 23, 23, 500"
6,rand24,random,cat,0.004930,"500, 23, 23, 500, 500, 23, 23, 23, 23, 500"
6,rand24,random,elephant,0.223130,"500, 23, 23, 500, 500, 23, 23, 23, 23, 500"
6,rand25,random,cat,0.020754,"500, 23, 500, 23, 23, 23, 23, 500, 23, 500"
6,rand25,random,elephant,0.184981,"500, 23, 500, 23, 23, 23, 23, 500, 23, 500"
6,rand26,random,cat,0.008386,"23, 500, 23, 500, 500, 23, 500, 23, 23, 23"
6,rand26,random,elephant,0.108745,"23, 500, 23, 500, 500, 23, 500, 23, 23, 23"
6,rand27,random,cat,0.006952,"500, 500, 500, 23, 23, 23, 23, 23, 500, 23"
6,rand27,random,elephant,0.189368,"500, 500, 500, 23, 23, 23, 23, 23, 500, 23"
6,rand28,random,cat,0.070211,"23, 23, 23, 500, 23, 500, 23, 500, 500, 23"
6,rand28,random,elephant,0.217961,"23, 23, 23, 500, 23, 500, 23, 500, 500, 23"
6,rand29,random,cat,0.021413,"23, 500, 23, 23, 500, 500, 500, 23, 23, 23"
6,rand29,random,elephant,0.095967,"23, 500, 23, 23, 500, 500, 500, 23, 23, 23"
7,front,front,cat,0.041275,"23, 23, 23, 23, 23, 23, 23, 500, 500, 500"
7,front,front,elephant,0.175137,"23, 23, 23, 23, 23, 23, 23, 500, 500, 500"
7,rand0,random,cat,0.011462,"500, 23, 23, 23, 23, 500, 500, 23, 23, 23"
7,rand0,random,elephant,0.156992,"500, 23, 23, 23, 23, 500, 500, 23, 23, 23"
7,rand1,random,cat,0.074739,"23, 23, 23, 500, 500, 23, 23, 23, 23, 500"
7,rand1,random,elephant,0.214582,"23, 23, 23, 500, 500, 23, 23, 23, 23, 500"
7,rand2,random,cat,0.015666,"500, 500, 23, 23, 23, 500, 23, 23, 23, 23"
7,rand2,random,elephant,0.180696,"500, 500, 23, 23, 23, 500, 23, 23, 23, 23"
7,rand3,random,cat,0.020116,"23, 500, 23, 500, 23, 23, 23, 23, 500, 23"
7,rand3,random,elephant,0.131171,"23, 500, 23, 500, 23, 23, 23, 23, 500, 23"
7,rand4,random,cat,0.007635,"500, 23, 23, 23, 500, 23, 500, 23, 23, 23"
7,rand4,random,elephant,0.195379,"500, 23, 23, 23, 500, 23, 500, 23, 23, 23"
7,rand5,random,cat,0.020116,"23, 500, 23, 23, 23, 23, 23, 500, 23, 500"
7,rand5,random,elephant,0.084691,"23, 500, 23, 23, 23, 23, 23, 500, 23, 500"
7,rand6,random,cat,0.063928,"23, 23, 500, 23, 23, 23, 23, 23, 500, 500"
7,rand6,random,elephant,0.186432,"23, 23, 500, 23, 23, 23, 23, 23, 500, 500"
7,rand7,random,cat,0.102156,"23, 23, 23, 23, 500, 23, 500, 23, 23, 500"
7,rand7,random,elephant,0.228422,"23, 23, 23, 23, 500, 23, 500, 23, 23, 500"
7,rand8,random,cat,0.129138,"23, 23, 23, 23, 500, 500, 500, 23, 23, 23"
7,rand8,random,elephant,0.198456,"23, 23, 23, 23, 500, 500, 500, 23, 23, 23"
7,rand9,random,cat,0.018897,"23, 500, 500, 23, 500, 23, 23, 23, 23, 23"
7,rand9,random,elephant,0.084691,"23, 500, 500, 23, 500, 23, 23, 23, 23, 23"
7,rand10,random,cat,0.083378,"23, 500, 23, 23, 500, 23, 500, 23, 23, 23"
7,rand10,random,elephant,0.121314,"23, 500, 23, 23, 500, 23, 500, 23, 23, 23"
7,rand11,random,cat,0.112197,"23, 23, 23, 23, 500, 500, 23, 23, 500, 23"
7,rand11,random,elephant,0.224880,"23, 23, 23, 23, 500, 500, 23, 23, 500, 23"
7,rand12,random,cat,0.065957,"23, 500, 500, 23, 23, 23, 23, 500, 23, 23"
7,rand12,random,elephant,0.095967,"23, 500, 500, 23, 23, 23, 23, 500, 23, 23"
7,rand13,random,cat,0.028815,"23, 500, 23, 23, 23, 23, 500, 23, 23, 500"
7,rand13,random,elephant,0.113964,"23, 500, 23, 23, 23, 23, 500, 23, 23, 500"
7,rand14,random,cat,0.023153,"23, 500, 23, 500, 23, 23, 500, 23, 23, 23"
7,rand14,random,elephant,0.117581,"23, 500, 23, 500, 23, 23, 500, 23, 23, 23"
7,rand15,random,cat,0.065957,"23, 23, 500, 23, 23, 23, 500, 23, 500, 23"
7,rand15,random,elephant,0.168427,"23, 23, 500, 23, 23, 23, 500, 23, 500, 23"
7,rand16,random,cat,0.093014,"23, 23, 23, 23, 500, 23, 23, 500, 500, 23"
7,rand16,random,elephant,0.237521,"23, 23, 23, 23, 500, 23, 23, 500, 500, 23"
7,rand17,random,cat,0.041275,"23, 500, 23, 23, 23, 500, 23, 23, 23, 500"
7,rand17,random,elephant,0.127136,"23, 500, 23, 23, 23, 500, 23, 23, 23, 500"
7,rand18,random,cat,0.049015,"23, 500, 23, 23, 23, 23, 500, 500, 23, 23"
7,rand18,random,elephant,0.110457,"23, 500, 23, 23, 23, 23, 500, 500, 23, 23"
7,rand19,random,cat,0.008128,"23, 500, 23, 500, 23, 23, 23, 23, 23, 500"
7,rand19,random,elephant,0.094479,"23, 500, 23, 500, 23, 23, 23, 23, 23, 500"
7,rand20,random,cat,0.007635,"500, 23, 23, 500, 23, 23, 500, 23, 23, 23"
7,rand20,random,elephant,0.206362,"500, 23, 23, 500, 23, 23, 500, 23, 23, 23"
7,rand21,random,cat,0.046046,"500, 23, 500, 23, 23, 500, 23, 23, 23, 23"
7,rand21,random,elephant,0.141830,"500, 23, 500, 23, 23, 500, 23, 23, 23, 23"
7,rand22,random,cat,0.103765,"23, 23, 23, 500, 500, 500, 23, 23, 23, 23"
7,rand22,random,elephant,0.192350,"23, 23, 23, 500, 500, 500, 23, 23, 23, 23"
7,rand23,random,cat,0.020754,"500, 23, 23, 23, 23, 23, 500, 23, 500, 23"
7,rand23,random,elephant,0.142943,"500, 23, 23, 23, 23, 23, 500, 23, 500, 23"
7,rand24,random,cat,0.024264,"23, 500, 23, 500, 23, 500, 23, 23, 23, 23"
7,rand24,random,elephant,0.123224,"23, 500, 23, 500, 23, 500, 23, 23, 23, 23"
7,rand25,random,cat,0.080812,"23, 23, 23, 23, 23, 500, 23, 500, 23, 500"
7,rand25,random,elephant,0.204756,"23, 23, 23, 23, 23, 500, 23, 500, 23, 500"
7,rand26,random,cat,0.094479,"23, 23, 500, 500, 500, 23, 23, 23, 23, 23"
7,rand26,random,elephant,0.155770,"23, 23, 500, 500, 500, 23, 23, 23, 23, 23"
7,rand27,random,cat,0.110457,"23, 23, 23, 500, 500, 23, 500, 23, 23, 23"
7,rand27,random,elephant,0.152162,"23, 23, 23, 500, 500, 23, 500, 23, 23, 23"
7,rand28,random,cat,0.048255,"23, 500, 23, 23, 500, 23, 23, 23, 23, 500"
7,rand28,random,elephant,0.084691,"23, 500, 23, 23, 500, 23, 23, 23, 23, 500"
7,rand29,random,cat,0.010436,"500, 500, 23, 23, 23, 23, 500, 23, 23, 23"
7,rand29,random,elephant,0.252840,"500, 500, 23, 23, 23, 23, 500, 23, 23, 23"
8,front,front,cat,0.077112,"23, 23, 23, 23, 23, 23, 23, 23, 500, 500"
8,front,front,elephant,0.161975,"23, 23, 23, 23, 23, 23, 23, 23, 500, 500"
8,rand0,random,cat,0.141830,"23, 23, 23, 23, 500, 500, 23, 23, 23, 23"
8,rand0,random,elephant,0.182114,"23, 23, 23, 23, 500, 500, 23, 23, 23, 23"
8,rand1,random,cat,0.119433,"23, 23, 23, 23, 500, 23, 23, 23, 23, 500"
8,rand1,random,elephant,0.209611,"23, 23, 23, 23, 500, 23, 23, 23, 23, 500"
8,rand2,random,cat,0.061961,"23, 500, 500, 23, 23, 23, 23, 23, 23, 23"
8,rand2,random,elephant,0.159464,"23, 500, 500, 23, 23, 23, 23, 23, 23, 23"
8,rand3,random,cat,0.093014,"23, 500, 23, 23, 23, 500, 23, 23, 23, 23"
8,rand3,random,elephant,0.127136,"23, 500, 23, 23, 23, 500, 23, 23, 23, 23"
8,rand4,random,cat,0.158223,"23, 23, 23, 23, 500, 23, 500, 23, 23, 23"
8,rand4,random,elephant,0.148637,"23, 23, 23, 23, 500, 23, 500, 23, 23, 23"
8,rand5,random,cat,0.119433,"23, 23, 500, 500, 23, 23, 23, 23, 23, 23"
8,rand5,random,elephant,0.145194,"23, 23, 500, 500, 23, 23, 23, 23, 23, 23"
8,rand6,random,cat,0.059124,"23, 500, 23, 23, 23, 23, 23, 23, 23, 500"
8,rand6,random,elephant,0.125165,"23, 500, 23, 23, 23, 23, 23, 23, 23, 500"
8,rand7,random,cat,0.077112,"23, 23, 23, 23, 23, 23, 23, 23, 500, 500"
8,rand7,random,elephant,0.161975,"23, 23, 23, 23, 23, 23, 23, 23, 500, 500"
8,rand8,random,cat,0.113964,"23, 23, 500, 23, 23, 23, 23, 23, 500, 23"
8,rand8,random,elephant,0.211255,"23, 23, 500, 23, 23, 23, 23, 23, 500, 23"
8,rand9,random,cat,0.107059,"23, 23, 500, 23, 500, 23, 23, 23, 23, 23"
8,rand9,random,elephant,0.121314,"23, 23, 500, 23, 500, 23, 23, 23, 23, 23"
8,rand10,random,cat,0.243153,"23, 23, 23, 23, 23, 500, 23, 500, 23, 23"
8,rand10,random,elephant,0.108745,"23, 23, 23, 23, 23, 500, 23, 500, 23, 23"
8,rand11,random,cat,0.113964,"23, 23, 500, 23, 23, 23, 500, 23, 23, 23"
8,rand11,random,elephant,0.186432,"23, 23, 500, 23, 23, 23, 500, 23, 23, 23"
8,rand12,random,cat,0.036425,"500, 23, 500, 23, 23, 23, 23, 23, 23, 23"
8,rand12,random,elephant,0.144064,"500, 23, 500, 23, 23, 23, 23, 23, 23, 23"
8,rand13,random,cat,0.127136,"23, 500, 23, 23, 500, 23, 23, 23, 23, 23"
8,rand13,random,elephant,0.112197,"23, 500, 23, 23, 500, 23, 23, 23, 23, 23"
8,rand14,random,cat,0.148637,"23, 23, 23, 23, 23, 500, 500, 23, 23, 23"
8,rand14,random,elephant,0.148637,"23, 23, 23, 23, 23, 500, 500, 23, 23, 23"
8,rand15,random,cat,0.015184,"500, 23, 23, 500, 23, 23, 23, 23, 23, 23"
8,rand15,random,elephant,0.161975,"500, 23, 23, 500, 23, 23, 23, 23, 23, 23"
8,rand16,random,cat,0.142943,"23, 23, 23, 23, 23, 23, 23, 500, 23, 500"
8,rand16,random,elephant,0.142943,"23, 23, 23, 23, 23, 23, 23, 500, 23, 500"
8,rand17,random,cat,0.148637,"23, 23, 500, 23, 23, 23, 23, 23, 23, 500"
8,rand17,random,elephant,0.179290,"23, 23, 500, 23, 23, 23, 23, 23, 23, 500"
8,rand18,random,cat,0.190853,"23, 23, 23, 23, 23, 23, 23, 500, 500, 23"
8,rand18,random,elephant,0.158223,"23, 23, 23, 23, 23, 23, 23, 500, 500, 23"
8,rand19,random,cat,0.112197,"23, 23, 23, 500, 23, 23, 23, 500, 23, 23"
8,rand19,random,elephant,0.209611,"23, 23, 23, 500, 23, 23, 23, 500, 23, 23"
8,rand20,random,cat,0.007635,"500, 500, 23, 23, 23, 23, 23, 23, 23, 23"
8,rand20,random,elephant,0.141830,"500, 500, 23, 23, 23, 23, 23, 23, 23, 23"
8,rand21,random,cat,0.022794,"500, 23, 23, 23, 23, 23, 23, 23, 500, 23"
8,rand21,random,elephant,0.147480,"500, 23, 23, 23, 23, 23, 23, 23, 500, 23"
8,rand22,random,cat,0.021750,"500, 23, 23, 23, 23, 23, 23, 500, 23, 23"
8,rand22,random,elephant,0.160715,"500, 23, 23, 23, 23, 23, 23, 500, 23, 23"
8,rand23,random,cat,0.102156,"23, 23, 500, 23, 23, 23, 23, 500, 23, 23"
8,rand23,random,elephant,0.203162,"23, 23, 500, 23, 23, 23, 23, 500, 23, 23"
8,rand24,random,cat,0.100573,"23, 23, 23, 500, 23, 23, 23, 23, 500, 23"
8,rand24,random,elephant,0.256821,"23, 23, 23, 500, 23, 23, 23, 23, 500, 23"
8,rand25,random,cat,0.008128,"500, 23, 23, 23, 23, 23, 23, 23, 23, 500"
8,rand25,random,elephant,0.163246,"500, 23, 23, 23, 23, 23, 23, 23, 23, 500"
8,rand26,random,cat,0.099013,"23, 23, 500, 23, 23, 500, 23, 23, 23, 23"
8,rand26,random,elephant,0.164526,"23, 23, 500, 23, 23, 500, 23, 23, 23, 23"
8,rand27,random,cat,0.219671,"23, 23, 23, 23, 23, 23, 500, 23, 500, 23"
8,rand27,random,elephant,0.141830,"23, 23, 23, 23, 23, 23, 500, 23, 500, 23"
8,rand28,random,cat,0.014264,"500, 23, 23, 23, 500, 23, 23, 23, 23, 23"
8,rand28,random,elephant,0.233838,"500, 23, 23, 23, 500, 23, 23, 23, 23, 23"
8,rand29,random,cat,0.131171,"23, 23, 23, 500, 23, 23, 23, 23, 23, 500"
8,rand29,random,elephant,0.216265,"23, 23, 23, 500, 23, 23, 23, 23, 23, 500"
9,front,front,cat,0.186432,"23, 23, 23, 23, 23, 23, 23, 23, 23, 500"
9,front,front,elephant,0.164526,"23, 23, 23, 23, 23, 23, 23, 23, 23, 500"
9,rand0,random,cat,0.006952,"500, 23, 23, 23, 23, 23, 23, 23, 23, 23"
9,rand0,random,elephant,0.159464,"500, 23, 23, 23, 23, 23, 23, 23, 23, 23"
9,rand1,random,cat,0.256821,"23, 23, 23, 23, 23, 23, 23, 23, 500, 23"
9,rand1,random,elephant,0.137467,"23, 23, 23, 23, 23, 23, 23, 23, 500, 23"
9,rand2,random,cat,0.271257,"23, 23, 23, 23, 23, 23, 23, 500, 23, 23"
9,rand2,random,elephant,0.078326,"23, 23, 23, 23, 23, 23, 23, 500, 23, 23"
9,rand3,random,cat,0.159464,"23, 23, 500, 23, 23, 23, 23, 23, 23, 23"
9,rand3,random,elephant,0.169748,"23, 23, 500, 23, 23, 23, 23, 23, 23, 23"
9,rand4,random,cat,0.186432,"23, 23, 23, 23, 23, 23, 23, 23, 23, 500"
9,rand4,random,elephant,0.164526,"23, 23, 23, 23, 23, 23, 23, 23, 23, 500"
9,rand5,random,cat,0.152162,"23, 23, 23, 23, 23, 500, 23, 23, 23, 23"
9,rand5,random,elephant,0.172422,"23, 23, 23, 23, 23, 500, 23, 23, 23, 23"
9,rand6,random,cat,0.146332,"23, 23, 23, 23, 500, 23, 23, 23, 23, 23"
9,rand6,random,elephant,0.176510,"23, 23, 23, 23, 500, 23, 23, 23, 23, 23"
9,rand7,random,cat,0.195379,"23, 23, 23, 23, 23, 23, 500, 23, 23, 23"
9,rand7,random,elephant,0.117581,"23, 23, 23, 23, 23, 23, 500, 23, 23, 23"
9,rand8,random,cat,0.125165,"23, 500, 23, 23, 23, 23, 23, 23, 23, 23"
9,rand8,random,elephant,0.133237,"23, 500, 23, 23, 23, 23, 23, 23, 23, 23"
9,rand9,random,cat,0.125165,"23, 23, 23, 500, 23, 23, 23, 23, 23, 23"
9,rand9,random,elephant,0.207980,"23, 23, 23, 500, 23, 23, 23, 23, 23, 23"
10,front,front,cat,0.254823,"23, 23, 23, 23, 23, 23, 23, 23, 23, 23"
10,front,front,elephant,0.112197,"23, 23, 23, 23, 23, 23, 23, 23, 23, 23"
